<?xml version="1.0" encoding="utf-8"?>
<VisioDocument>
	<DocumentProperties>
		<Title>Visio 2016 Extension 01</Title>
		<HyperlinkBase href=""></HyperlinkBase>
	</DocumentProperties>
	<Pages>
		<Page ID="6" Name="CoverPage" NameU="CoverPage">
			<PageProps>
				<PageScale Unit="IN">0.250000000000000</PageScale>
				<DrawingScale Unit="FT_IN">12.000000000000000</DrawingScale>
			</PageProps>
			<Layer IX="0">
				<Name>Movable Furnishings</Name>
				<NameUniv>Movable Furnishings</NameUniv>
				<Visible>1</Visible>
			</Layer>
			<Layer IX="1">
				<Name>Furniture</Name>
				<NameUniv>Furniture</NameUniv>
				<Visible>1</Visible>
			</Layer>
			<Shapes>
				<Shape ID="15" UniqueID="{1D170102-0361-4731-A19D-187E689B899D}" Name="Sheet.15" NameU="Sheet.15">
					<Text>First Draft Design</Text>
					<XForm>
						<PinX Unit="FT_IN">204.000000000000000</PinX>
						<PinY Unit="FT_IN">270.967750271451109</PinY>
					</XForm>
				</Shape>
				<Shape ID="17" UniqueID="{5DE02184-13B4-455C-B36B-877639C53CD3}" Name="Sheet.17" NameU="Sheet.17">
					<Text>Gym</Text>
					<XForm>
						<PinX Unit="FT_IN">204.000006275792401</PinX>
						<PinY Unit="FT_IN">204.000006275792487</PinY>
					</XForm>
					<Scratch>
						<B>
							<SolutionXML>
								<HLURL:Hyperlinks xmlns:HLURL="urn:schemas-microsoft-com:office:visio:dghlinkext">
									<HLURL:Hyperlink ID="1">
										<HLURL:Description>Gym design</HLURL:Description>
										<HLURL:Address></HLURL:Address>
										<HLURL:SubAddress>Gym</HLURL:SubAddress>
										<HLURL:ExtraInfo></HLURL:ExtraInfo>
										<HLURL:Default>0</HLURL:Default>
										<HLURL:NewWindow>0</HLURL:NewWindow>
									</HLURL:Hyperlink>
								</HLURL:Hyperlinks>
							</SolutionXML>
						</B>
					</Scratch>
				</Shape>
				<Shape ID="18" UniqueID="{B744743E-F804-4259-8069-C8538E38641C}" Name="Grand piano" NameU="Grand piano" Master="18">
					<XForm>
						<PinX Unit="FT_IN">216.000006644956699</PinX>
						<PinY Unit="FT_IN">139.000005168299708</PinY>
					</XForm>
					<LayerMem>
						<LayerMember>0;1</LayerMember>
					</LayerMem>
					<Scratch>
						<B>
							<SolutionXML>
								<HLURL:Hyperlinks xmlns:HLURL="urn:schemas-microsoft-com:office:visio:dghlinkext">
									<HLURL:Hyperlink ID="1">
										<HLURL:Description>Grand piano on Music page</HLURL:Description>
										<HLURL:Address></HLURL:Address>
										<HLURL:SubAddress>Music/Grand%20piano</HLURL:SubAddress>
										<HLURL:ExtraInfo>zoom=200</HLURL:ExtraInfo>
										<HLURL:Default>0</HLURL:Default>
										<HLURL:NewWindow>0</HLURL:NewWindow>
									</HLURL:Hyperlink>
								</HLURL:Hyperlinks>
							</SolutionXML>
						</B>
					</Scratch>
					<Prop ID="4" Name="ID" NameU="ID">
						<Value></Value>
						<Label>ID</Label>
					</Prop>
					<Prop ID="5" Name="Name" NameU="Name">
						<Value></Value>
						<Label>Name</Label>
					</Prop>
					<Prop ID="6" Name="Department" NameU="Department">
						<Value></Value>
						<Label>Department</Label>
					</Prop>
					<Prop ID="8" Name="Modify" NameU="Modify">
						<Value></Value>
						<Label>Modified</Label>
					</Prop>
					<Prop ID="9" Name="AssetNumber" NameU="AssetNumber">
						<Value></Value>
						<Label>Asset number</Label>
					</Prop>
					<Prop ID="10" Name="SerialNumber" NameU="SerialNumber">
						<Value></Value>
						<Label>Serial number</Label>
					</Prop>
					<Prop ID="11" Name="ProductDescription" NameU="ProductDescription">
						<Value></Value>
						<Label>Product description</Label>
					</Prop>
					<Prop ID="12" Name="PurchaseDate" NameU="PurchaseDate">
						<Value></Value>
						<Label>Purchase date</Label>
					</Prop>
					<Prop ID="13" Name="ProductNumber" NameU="ProductNumber">
						<Value></Value>
						<Label>Product number</Label>
					</Prop>
					<Prop ID="14" Name="BaseElevation" NameU="BaseElevation">
						<Value></Value>
						<Label>Base elevation</Label>
					</Prop>
				</Shape>
			</Shapes>
		</Page>
		<Page ID="0" Name="Gym" NameU="Gym">
			<PageProps>
				<PageScale Unit="IN">0.250000000000000</PageScale>
				<DrawingScale Unit="FT_IN">12.000000000000000</DrawingScale>
			</PageProps>
			<Layer IX="0">
				<Name>Building Envelope</Name>
				<NameUniv>Building Envelope</NameUniv>
				<Visible>1</Visible>
			</Layer>
			<Layer IX="1">
				<Name>Wall</Name>
				<NameUniv>Wall</NameUniv>
				<Visible>1</Visible>
			</Layer>
			<Layer IX="2">
				<Name>Movable Furnishings</Name>
				<NameUniv>Movable Furnishings</NameUniv>
				<Visible>1</Visible>
			</Layer>
			<Layer IX="3">
				<Name>Furniture</Name>
				<NameUniv>Furniture</NameUniv>
				<Visible>1</Visible>
			</Layer>
			<Layer IX="4">
				<Name>Equipment</Name>
				<NameUniv>Equipment</NameUniv>
				<Visible>1</Visible>
			</Layer>
			<Layer IX="5">
				<Name>Door</Name>
				<NameUniv>Door</NameUniv>
				<Visible>1</Visible>
			</Layer>
			<Layer IX="6">
				<Name>Window</Name>
				<NameUniv>Window</NameUniv>
				<Visible>1</Visible>
			</Layer>
			<Value Unit="STR">2.5in</Value>
			<Label>Wood Fence Thickness</Label>
			<Value Unit="STR">Square</Value>
			<Label>Wood Post Type</Label>
			<Value Unit="STR">3.5in</Value>
			<Label>Wood Post Size</Label>
			<Value Unit="STR">7.5in</Value>
			<Label>Masonry Fence Thickness</Label>
			<Value Unit="STR">12.0000 in.</Value>
			<Label>Stone Fence Thickness</Label>
			<Value Unit="STR">Square</Value>
			<Label>Masonry Post Type</Label>
			<Value Unit="STR">12in</Value>
			<Label>Masonry Post Size</Label>
			<Value Unit="STR">2.0in</Value>
			<Label>Chain Link Fence Thickness</Label>
			<Value Unit="STR">Round</Value>
			<Label>Metal Post Type</Label>
			<Value Unit="STR">2.0in</Value>
			<Label>Metal Post Size</Label>
			<Shapes>
				<Shape ID="1" UniqueID="{CB80A16C-688E-4D7A-B487-6A8C0DFAF777}" Name="Room" NameU="Room" Master="2">
					<XForm>
						<PinX Unit="FT_IN">146.999999154697804</PinX>
						<PinY Unit="FT_IN">93.999999609860481</PinY>
					</XForm>
					<LayerMem>
						<LayerMember>0;1</LayerMember>
					</LayerMem>
					<Prop ID="1" Name="Width" NameU="Width">
						<Value Unit="STR">18 ft.</Value>
						<Label>Width</Label>
					</Prop>
					<Prop ID="2" Name="Length" NameU="Length">
						<Value Unit="STR">12 ft.</Value>
						<Label>Length</Label>
					</Prop>
				</Shape>
				<Shape ID="30" UniqueID="{0AAFBDF1-3BC8-4D1C-9B98-E243387A734A}" Name="Treadmill" NameU="Treadmill" Master="4">
					<XForm>
						<PinX Unit="FT_IN">116.999995838512206</PinX>
						<PinY Unit="FT_IN">118.999997464093298</PinY>
					</XForm>
					<LayerMem>
						<LayerMember>2;3;4</LayerMember>
					</LayerMem>
					<Prop ID="4" Name="ID" NameU="ID">
						<Value></Value>
						<Label>ID</Label>
					</Prop>
					<Prop ID="5" Name="Name" NameU="Name">
						<Value></Value>
						<Label>Name</Label>
					</Prop>
					<Prop ID="6" Name="Department" NameU="Department">
						<Value></Value>
						<Label>Department</Label>
					</Prop>
					<Prop ID="8" Name="Modify" NameU="Modify">
						<Value></Value>
						<Label>Modified</Label>
					</Prop>
					<Prop ID="9" Name="AssetNumber" NameU="AssetNumber">
						<Value></Value>
						<Label>Asset number</Label>
					</Prop>
					<Prop ID="10" Name="SerialNumber" NameU="SerialNumber">
						<Value></Value>
						<Label>Serial number</Label>
					</Prop>
					<Prop ID="11" Name="ProductDescription" NameU="ProductDescription">
						<Value></Value>
						<Label>Product description</Label>
					</Prop>
					<Prop ID="12" Name="PurchaseDate" NameU="PurchaseDate">
						<Value></Value>
						<Label>Purchase date</Label>
					</Prop>
					<Prop ID="13" Name="ProductNumber" NameU="ProductNumber">
						<Value></Value>
						<Label>Product number</Label>
					</Prop>
					<Prop ID="14" Name="BaseElevation" NameU="BaseElevation">
						<Value></Value>
						<Label>Base elevation</Label>
					</Prop>
				</Shape>
				<Shape ID="48" UniqueID="{2330B8F5-832F-414E-9833-374F023D400F}" Name="Elliptical" NameU="Elliptical" Master="5">
					<XForm>
						<PinX Unit="FT_IN">168.999995903535506</PinX>
						<PinY Unit="FT_IN">60.999998049302448</PinY>
					</XForm>
					<LayerMem>
						<LayerMember>2;3;4</LayerMember>
					</LayerMem>
					<Prop ID="4" Name="ID" NameU="ID">
						<Value></Value>
						<Label>ID</Label>
					</Prop>
					<Prop ID="5" Name="Name" NameU="Name">
						<Value></Value>
						<Label>Name</Label>
					</Prop>
					<Prop ID="6" Name="Department" NameU="Department">
						<Value></Value>
						<Label>Department</Label>
					</Prop>
					<Prop ID="8" Name="Modify" NameU="Modify">
						<Value></Value>
						<Label>Modified</Label>
					</Prop>
					<Prop ID="9" Name="AssetNumber" NameU="AssetNumber">
						<Value></Value>
						<Label>Asset number</Label>
					</Prop>
					<Prop ID="10" Name="SerialNumber" NameU="SerialNumber">
						<Value></Value>
						<Label>Serial number</Label>
					</Prop>
					<Prop ID="11" Name="ProductDescription" NameU="ProductDescription">
						<Value></Value>
						<Label>Product description</Label>
					</Prop>
					<Prop ID="12" Name="PurchaseDate" NameU="PurchaseDate">
						<Value></Value>
						<Label>Purchase date</Label>
					</Prop>
					<Prop ID="13" Name="ProductNumber" NameU="ProductNumber">
						<Value></Value>
						<Label>Product number</Label>
					</Prop>
					<Prop ID="14" Name="BaseElevation" NameU="BaseElevation">
						<Value></Value>
						<Label>Base elevation</Label>
					</Prop>
				</Shape>
				<Shape ID="71" UniqueID="{703C487B-9A7A-425C-BD45-5054E526A89D}" Name="Exercycle" NameU="Exercycle" Master="6">
					<XForm>
						<PinX Unit="FT_IN">108.999999154697804</PinX>
						<PinY Unit="FT_IN">79.499998244372279</PinY>
					</XForm>
					<LayerMem>
						<LayerMember>2;3;4</LayerMember>
					</LayerMem>
					<Prop ID="4" Name="ID" NameU="ID">
						<Value></Value>
						<Label>ID</Label>
					</Prop>
					<Prop ID="5" Name="Name" NameU="Name">
						<Value></Value>
						<Label>Name</Label>
					</Prop>
					<Prop ID="6" Name="Department" NameU="Department">
						<Value></Value>
						<Label>Department</Label>
					</Prop>
					<Prop ID="8" Name="Modify" NameU="Modify">
						<Value></Value>
						<Label>Modified</Label>
					</Prop>
					<Prop ID="9" Name="AssetNumber" NameU="AssetNumber">
						<Value></Value>
						<Label>Asset number</Label>
					</Prop>
					<Prop ID="10" Name="SerialNumber" NameU="SerialNumber">
						<Value></Value>
						<Label>Serial number</Label>
					</Prop>
					<Prop ID="11" Name="ProductDescription" NameU="ProductDescription">
						<Value></Value>
						<Label>Product description</Label>
					</Prop>
					<Prop ID="12" Name="PurchaseDate" NameU="PurchaseDate">
						<Value></Value>
						<Label>Purchase date</Label>
					</Prop>
					<Prop ID="13" Name="ProductNumber" NameU="ProductNumber">
						<Value></Value>
						<Label>Product number</Label>
					</Prop>
					<Prop ID="14" Name="BaseElevation" NameU="BaseElevation">
						<Value></Value>
						<Label>Base elevation</Label>
					</Prop>
				</Shape>
				<Shape ID="89" UniqueID="{C7174274-8DE9-4484-A6F5-1DB5642DBDC0}" Name="TV Unit" NameU="TV Unit" Master="7">
					<XForm>
						<PinX Unit="FT_IN">50.894735996803057</PinX>
						<PinY Unit="FT_IN">99.999997529116541</PinY>
					</XForm>
					<LayerMem>
						<LayerMember>2;3</LayerMember>
					</LayerMem>
					<Prop ID="4" Name="ID" NameU="ID">
						<Value></Value>
						<Label>ID</Label>
					</Prop>
					<Prop ID="5" Name="Name" NameU="Name">
						<Value></Value>
						<Label>Name</Label>
					</Prop>
					<Prop ID="6" Name="Department" NameU="Department">
						<Value></Value>
						<Label>Department</Label>
					</Prop>
					<Prop ID="8" Name="Modify" NameU="Modify">
						<Value></Value>
						<Label>Modified</Label>
					</Prop>
					<Prop ID="9" Name="AssetNumber" NameU="AssetNumber">
						<Value></Value>
						<Label>Asset number</Label>
					</Prop>
					<Prop ID="10" Name="SerialNumber" NameU="SerialNumber">
						<Value></Value>
						<Label>Serial number</Label>
					</Prop>
					<Prop ID="11" Name="ProductDescription" NameU="ProductDescription">
						<Value></Value>
						<Label>Product description</Label>
					</Prop>
					<Prop ID="12" Name="PurchaseDate" NameU="PurchaseDate">
						<Value></Value>
						<Label>Purchase date</Label>
					</Prop>
					<Prop ID="13" Name="ProductNumber" NameU="ProductNumber">
						<Value></Value>
						<Label>Product number</Label>
					</Prop>
					<Prop ID="14" Name="BaseElevation" NameU="BaseElevation">
						<Value></Value>
						<Label>Base elevation</Label>
					</Prop>
				</Shape>
				<Shape ID="130" UniqueID="{ED81275D-2193-436A-9891-9AAA19540A43}" Name="Cactus plant" NameU="Cactus plant" Master="10">
					<XForm>
						<PinX Unit="FT_IN">50.999999154697797</PinX>
						<PinY Unit="FT_IN">36.999999609860481</PinY>
					</XForm>
					<LayerMem>
						<LayerMember>2;3</LayerMember>
					</LayerMem>
					<Prop ID="4" Name="ID" NameU="ID">
						<Value></Value>
						<Label>ID</Label>
					</Prop>
					<Prop ID="5" Name="Name" NameU="Name">
						<Value></Value>
						<Label>Name</Label>
					</Prop>
					<Prop ID="6" Name="Department" NameU="Department">
						<Value></Value>
						<Label>Department</Label>
					</Prop>
					<Prop ID="8" Name="Modify" NameU="Modify">
						<Value></Value>
						<Label>Modified</Label>
					</Prop>
					<Prop ID="9" Name="AssetNumber" NameU="AssetNumber">
						<Value></Value>
						<Label>Asset number</Label>
					</Prop>
					<Prop ID="10" Name="SerialNumber" NameU="SerialNumber">
						<Value></Value>
						<Label>Serial number</Label>
					</Prop>
					<Prop ID="11" Name="ProductDescription" NameU="ProductDescription">
						<Value></Value>
						<Label>Product description</Label>
					</Prop>
					<Prop ID="12" Name="PurchaseDate" NameU="PurchaseDate">
						<Value></Value>
						<Label>Purchase date</Label>
					</Prop>
					<Prop ID="13" Name="ProductNumber" NameU="ProductNumber">
						<Value></Value>
						<Label>Product number</Label>
					</Prop>
					<Prop ID="14" Name="BaseElevation" NameU="BaseElevation">
						<Value></Value>
						<Label>Base elevation</Label>
					</Prop>
				</Shape>
				<Shape ID="137" UniqueID="{5585698E-B955-4B73-9D85-EC3ED37AE10B}" Name="Sofa" NameU="Sofa" Master="15">
					<XForm>
						<PinX Unit="FT_IN">237.499999154697406</PinX>
						<PinY Unit="FT_IN">81.999997919256060</PinY>
					</XForm>
					<LayerMem>
						<LayerMember>2;3</LayerMember>
					</LayerMem>
					<Prop ID="4" Name="ID" NameU="ID">
						<Value></Value>
						<Label>ID</Label>
					</Prop>
					<Prop ID="5" Name="Name" NameU="Name">
						<Value></Value>
						<Label>Name</Label>
					</Prop>
					<Prop ID="6" Name="Department" NameU="Department">
						<Value></Value>
						<Label>Department</Label>
					</Prop>
					<Prop ID="8" Name="Modify" NameU="Modify">
						<Value></Value>
						<Label>Modified</Label>
					</Prop>
					<Prop ID="9" Name="AssetNumber" NameU="AssetNumber">
						<Value></Value>
						<Label>Asset number</Label>
					</Prop>
					<Prop ID="10" Name="SerialNumber" NameU="SerialNumber">
						<Value></Value>
						<Label>Serial number</Label>
					</Prop>
					<Prop ID="11" Name="ProductDescription" NameU="ProductDescription">
						<Value></Value>
						<Label>Product description</Label>
					</Prop>
					<Prop ID="12" Name="PurchaseDate" NameU="PurchaseDate">
						<Value></Value>
						<Label>Purchase date</Label>
					</Prop>
					<Prop ID="13" Name="ProductNumber" NameU="ProductNumber">
						<Value></Value>
						<Label>Product number</Label>
					</Prop>
					<Prop ID="14" Name="BaseElevation" NameU="BaseElevation">
						<Value></Value>
						<Label>Base elevation</Label>
					</Prop>
					<Prop ID="15" Name="Chaise" NameU="Chaise">
						<Value Unit="STR">Visible</Value>
						<Label>Chaise</Label>
					</Prop>
				</Shape>
				<Shape ID="165" UniqueID="{22DD4256-C3F4-4014-9948-7596F237BBC4}" Name="Rect. table" NameU="Rect. table" Master="16">
					<XForm>
						<PinX Unit="FT_IN">50.894735996803050</PinX>
						<PinY Unit="FT_IN">153.582187747599107</PinY>
					</XForm>
					<LayerMem>
						<LayerMember>2;3</LayerMember>
					</LayerMem>
					<Prop ID="4" Name="ID" NameU="ID">
						<Value></Value>
						<Label>ID</Label>
					</Prop>
					<Prop ID="5" Name="Name" NameU="Name">
						<Value></Value>
						<Label>Name</Label>
					</Prop>
					<Prop ID="6" Name="Department" NameU="Department">
						<Value></Value>
						<Label>Department</Label>
					</Prop>
					<Prop ID="8" Name="Modify" NameU="Modify">
						<Value></Value>
						<Label>Modified</Label>
					</Prop>
					<Prop ID="9" Name="AssetNumber" NameU="AssetNumber">
						<Value></Value>
						<Label>Asset number</Label>
					</Prop>
					<Prop ID="10" Name="SerialNumber" NameU="SerialNumber">
						<Value></Value>
						<Label>Serial number</Label>
					</Prop>
					<Prop ID="11" Name="ProductDescription" NameU="ProductDescription">
						<Value></Value>
						<Label>Product description</Label>
					</Prop>
					<Prop ID="12" Name="PurchaseDate" NameU="PurchaseDate">
						<Value></Value>
						<Label>Purchase date</Label>
					</Prop>
					<Prop ID="13" Name="ProductNumber" NameU="ProductNumber">
						<Value></Value>
						<Label>Product number</Label>
					</Prop>
					<Prop ID="14" Name="BaseElevation" NameU="BaseElevation">
						<Value></Value>
						<Label>Base elevation</Label>
					</Prop>
				</Shape>
				<Shape ID="97" UniqueID="{A72F1F5B-7793-45A0-AF59-DC1671E2C01C}" Name="Door" NameU="Door" Master="8">
					<XForm>
						<PinX Unit="IN">227.999999154697804</PinX>
						<PinY Unit="IN">167.999999609860510</PinY>
					</XForm>
					<LayerMem>
						<LayerMember>0;5</LayerMember>
					</LayerMem>
					<Prop ID="21" Name="FireRating" NameU="FireRating">
						<Value></Value>
						<Label>Fire rating</Label>
					</Prop>
					<Prop ID="23" Name="BaseElevation" NameU="BaseElevation">
						<Value></Value>
						<Label>Base elevation</Label>
					</Prop>
					<Prop ID="3" Name="SubType" NameU="SubType">
						<Value Unit="STR">3 ft.</Value>
						<Label>Door width</Label>
					</Prop>
					<Prop ID="1" Name="VisDoorHeight" NameU="VisDoorHeight">
						<Value Unit="STR">80 in.</Value>
						<Label>Door height</Label>
					</Prop>
					<Prop ID="16" Name="SubShapeType" NameU="SubShapeType">
						<Value Unit="STR">Single</Value>
						<Label>Door type</Label>
					</Prop>
					<Prop ID="18" Name="VisDoorOpenPercent" NameU="VisDoorOpenPercent">
						<Value Unit="STR">50</Value>
						<Label>Door open percentage</Label>
					</Prop>
					<Prop ID="22" Name="DoorNumber" NameU="DoorNumber">
						<Value></Value>
						<Label>Door number</Label>
					</Prop>
				</Shape>
				<Shape ID="120" UniqueID="{0F6966B1-F4DA-4F12-A9F6-6D783CA7D5EB}" Name="Window.120" NameU="Window.120" Master="9">
					<XForm>
						<PinX Unit="IN">146.999999154697491</PinX>
						<PinY Unit="IN">19.999999609860950</PinY>
					</XForm>
					<LayerMem>
						<LayerMember>0;6</LayerMember>
					</LayerMem>
					<Prop ID="20" Name="FireRating" NameU="FireRating">
						<Value></Value>
						<Label>Fire rating</Label>
					</Prop>
					<Prop ID="3" Name="SubType" NameU="SubType">
						<Value Unit="STR">10 ft.</Value>
						<Label>Window width</Label>
					</Prop>
					<Prop ID="1" Name="visWndwHeight" NameU="visWndwHeight">
						<Value Unit="STR">60 in.</Value>
						<Label>Window height</Label>
					</Prop>
					<Prop ID="12" Name="VisWndwHeaderHeight" NameU="VisWndwHeaderHeight">
						<Value Unit="STR">80 in.</Value>
						<Label>Window header height</Label>
					</Prop>
					<Prop ID="19" Name="SubShapeType" NameU="SubShapeType">
						<Value Unit="STR">Picture</Value>
						<Label>Window type</Label>
					</Prop>
					<Prop ID="21" Name="WndwNumber" NameU="WndwNumber">
						<Value></Value>
						<Label>Window number</Label>
					</Prop>
				</Shape>
				<Shape ID="110" UniqueID="{1B2610E8-AFEE-4DBA-B31A-4AF5D7182D7C}" Name="Window" NameU="Window" Master="9">
					<XForm>
						<PinX Unit="IN">122.999999154698102</PinX>
						<PinY Unit="IN">167.999999609860510</PinY>
					</XForm>
					<LayerMem>
						<LayerMember>0;6</LayerMember>
					</LayerMem>
					<Prop ID="20" Name="FireRating" NameU="FireRating">
						<Value></Value>
						<Label>Fire rating</Label>
					</Prop>
					<Prop ID="3" Name="SubType" NameU="SubType">
						<Value Unit="STR">5 ft.</Value>
						<Label>Window width</Label>
					</Prop>
					<Prop ID="1" Name="visWndwHeight" NameU="visWndwHeight">
						<Value Unit="STR">60 in.</Value>
						<Label>Window height</Label>
					</Prop>
					<Prop ID="12" Name="VisWndwHeaderHeight" NameU="VisWndwHeaderHeight">
						<Value Unit="STR">80 in.</Value>
						<Label>Window header height</Label>
					</Prop>
					<Prop ID="19" Name="SubShapeType" NameU="SubShapeType">
						<Value Unit="STR">Picture</Value>
						<Label>Window type</Label>
					</Prop>
					<Prop ID="21" Name="WndwNumber" NameU="WndwNumber">
						<Value></Value>
						<Label>Window number</Label>
					</Prop>
				</Shape>
				<Shape ID="176" UniqueID="{0258D090-5F11-4BFB-AD96-288495EFC358}" Name="Sheet.176" NameU="Sheet.176">
					<Text>Lower Floor - Gym</Text>
					<XForm>
						<PinX Unit="FT_IN">16.499999642372138</PinX>
						<PinY Unit="FT_IN">95.999997919256074</PinY>
					</XForm>
				</Shape>
			</Shapes>
		</Page>
		<Page ID="5" Name="Music" NameU="Music">
			<PageProps>
				<PageScale Unit="IN">0.250000000000000</PageScale>
				<DrawingScale Unit="FT_IN">12.000000000000000</DrawingScale>
			</PageProps>
			<Layer IX="0">
				<Name>Building Envelope</Name>
				<NameUniv>Building Envelope</NameUniv>
				<Visible>1</Visible>
			</Layer>
			<Layer IX="1">
				<Name>Wall</Name>
				<NameUniv>Wall</NameUniv>
				<Visible>1</Visible>
			</Layer>
			<Layer IX="2">
				<Name>Movable Furnishings</Name>
				<NameUniv>Movable Furnishings</NameUniv>
				<Visible>1</Visible>
			</Layer>
			<Layer IX="3">
				<Name>Furniture</Name>
				<NameUniv>Furniture</NameUniv>
				<Visible>1</Visible>
			</Layer>
			<Layer IX="4">
				<Name>Equipment</Name>
				<NameUniv>Equipment</NameUniv>
				<Visible>1</Visible>
			</Layer>
			<Layer IX="5">
				<Name>Door</Name>
				<NameUniv>Door</NameUniv>
				<Visible>1</Visible>
			</Layer>
			<Layer IX="6">
				<Name>Window</Name>
				<NameUniv>Window</NameUniv>
				<Visible>1</Visible>
			</Layer>
			<Value Unit="STR">2.5in</Value>
			<Label>Wood Fence Thickness</Label>
			<Value Unit="STR">Square</Value>
			<Label>Wood Post Type</Label>
			<Value Unit="STR">3.5in</Value>
			<Label>Wood Post Size</Label>
			<Value Unit="STR">7.5in</Value>
			<Label>Masonry Fence Thickness</Label>
			<Value Unit="STR">12.0000 in.</Value>
			<Label>Stone Fence Thickness</Label>
			<Value Unit="STR">Square</Value>
			<Label>Masonry Post Type</Label>
			<Value Unit="STR">12in</Value>
			<Label>Masonry Post Size</Label>
			<Value Unit="STR">2.0in</Value>
			<Label>Chain Link Fence Thickness</Label>
			<Value Unit="STR">Round</Value>
			<Label>Metal Post Type</Label>
			<Value Unit="STR">2.0in</Value>
			<Label>Metal Post Size</Label>
			<Shapes>
				<Shape ID="1" UniqueID="{1AB85A50-C733-439F-A53B-7B982CE741AB}" Name="Room" NameU="Room" Master="2">
					<XForm>
						<PinX Unit="FT_IN">127.499994895675101</PinX>
						<PinY Unit="FT_IN">106.499997691674693</PinY>
					</XForm>
					<LayerMem>
						<LayerMember>0;1</LayerMember>
					</LayerMem>
					<Prop ID="1" Name="Width" NameU="Width">
						<Value Unit="STR">14 ft. 9 in.</Value>
						<Label>Width</Label>
					</Prop>
					<Prop ID="2" Name="Length" NameU="Length">
						<Value Unit="STR">10 ft. 3 in.</Value>
						<Label>Length</Label>
					</Prop>
				</Shape>
				<Shape ID="97" UniqueID="{EAF8FCD6-CFEC-4160-8CFA-7141FB60D9CA}" Name="Door" NameU="Door" Master="8">
					<XForm>
						<PinX Unit="IN">191.999995838512888</PinX>
						<PinY Unit="IN">169.999996358698098</PinY>
					</XForm>
					<LayerMem>
						<LayerMember>0;5</LayerMember>
					</LayerMem>
					<Prop ID="21" Name="FireRating" NameU="FireRating">
						<Value></Value>
						<Label>Fire rating</Label>
					</Prop>
					<Prop ID="23" Name="BaseElevation" NameU="BaseElevation">
						<Value></Value>
						<Label>Base elevation</Label>
					</Prop>
					<Prop ID="3" Name="SubType" NameU="SubType">
						<Value Unit="STR">3 ft.</Value>
						<Label>Door width</Label>
					</Prop>
					<Prop ID="1" Name="VisDoorHeight" NameU="VisDoorHeight">
						<Value Unit="STR">80 in.</Value>
						<Label>Door height</Label>
					</Prop>
					<Prop ID="16" Name="SubShapeType" NameU="SubShapeType">
						<Value Unit="STR">Single</Value>
						<Label>Door type</Label>
					</Prop>
					<Prop ID="18" Name="VisDoorOpenPercent" NameU="VisDoorOpenPercent">
						<Value Unit="STR">50</Value>
						<Label>Door open percentage</Label>
					</Prop>
					<Prop ID="22" Name="DoorNumber" NameU="DoorNumber">
						<Value></Value>
						<Label>Door number</Label>
					</Prop>
				</Shape>
				<Shape ID="110" UniqueID="{3ADB1A9D-635C-48BE-827C-75206476076E}" Name="Window" NameU="Window" Master="9">
					<XForm>
						<PinX Unit="IN">104.999997724186997</PinX>
						<PinY Unit="IN">169.999996358698098</PinY>
					</XForm>
					<LayerMem>
						<LayerMember>0;6</LayerMember>
					</LayerMem>
					<Prop ID="20" Name="FireRating" NameU="FireRating">
						<Value></Value>
						<Label>Fire rating</Label>
					</Prop>
					<Prop ID="3" Name="SubType" NameU="SubType">
						<Value Unit="STR">8 ft.</Value>
						<Label>Window width</Label>
					</Prop>
					<Prop ID="1" Name="visWndwHeight" NameU="visWndwHeight">
						<Value Unit="STR">60 in.</Value>
						<Label>Window height</Label>
					</Prop>
					<Prop ID="12" Name="VisWndwHeaderHeight" NameU="VisWndwHeaderHeight">
						<Value Unit="STR">80 in.</Value>
						<Label>Window header height</Label>
					</Prop>
					<Prop ID="19" Name="SubShapeType" NameU="SubShapeType">
						<Value Unit="STR">Picture</Value>
						<Label>Window type</Label>
					</Prop>
					<Prop ID="21" Name="WndwNumber" NameU="WndwNumber">
						<Value></Value>
						<Label>Window number</Label>
					</Prop>
				</Shape>
				<Shape ID="120" UniqueID="{36AE6631-918B-4F58-A77C-27E31485E870}" Name="Window.120" NameU="Window.120" Master="9">
					<XForm>
						<PinX Unit="IN">36.999994473023719</PinX>
						<PinY Unit="IN">107.999997008930407</PinY>
					</XForm>
					<LayerMem>
						<LayerMember>0;6</LayerMember>
					</LayerMem>
					<Prop ID="20" Name="FireRating" NameU="FireRating">
						<Value></Value>
						<Label>Fire rating</Label>
					</Prop>
					<Prop ID="3" Name="SubType" NameU="SubType">
						<Value Unit="STR">8 ft.</Value>
						<Label>Window width</Label>
					</Prop>
					<Prop ID="1" Name="visWndwHeight" NameU="visWndwHeight">
						<Value Unit="STR">60 in.</Value>
						<Label>Window height</Label>
					</Prop>
					<Prop ID="12" Name="VisWndwHeaderHeight" NameU="VisWndwHeaderHeight">
						<Value Unit="STR">80 in.</Value>
						<Label>Window header height</Label>
					</Prop>
					<Prop ID="19" Name="SubShapeType" NameU="SubShapeType">
						<Value Unit="STR">Picture</Value>
						<Label>Window type</Label>
					</Prop>
					<Prop ID="21" Name="WndwNumber" NameU="WndwNumber">
						<Value></Value>
						<Label>Window number</Label>
					</Prop>
				</Shape>
				<Shape ID="130" UniqueID="{CAFC8331-3DF9-4994-9874-61550E5FA819}" Name="Grand piano" NameU="Grand piano" Master="18">
					<XForm>
						<PinX Unit="FT_IN">99.499996943907348</PinX>
						<PinY Unit="FT_IN">84.999997529116584</PinY>
					</XForm>
					<LayerMem>
						<LayerMember>2;3</LayerMember>
					</LayerMem>
					<Prop ID="4" Name="ID" NameU="ID">
						<Value></Value>
						<Label>ID</Label>
					</Prop>
					<Prop ID="5" Name="Name" NameU="Name">
						<Value></Value>
						<Label>Name</Label>
					</Prop>
					<Prop ID="6" Name="Department" NameU="Department">
						<Value></Value>
						<Label>Department</Label>
					</Prop>
					<Prop ID="8" Name="Modify" NameU="Modify">
						<Value></Value>
						<Label>Modified</Label>
					</Prop>
					<Prop ID="9" Name="AssetNumber" NameU="AssetNumber">
						<Value></Value>
						<Label>Asset number</Label>
					</Prop>
					<Prop ID="10" Name="SerialNumber" NameU="SerialNumber">
						<Value></Value>
						<Label>Serial number</Label>
					</Prop>
					<Prop ID="11" Name="ProductDescription" NameU="ProductDescription">
						<Value></Value>
						<Label>Product description</Label>
					</Prop>
					<Prop ID="12" Name="PurchaseDate" NameU="PurchaseDate">
						<Value></Value>
						<Label>Purchase date</Label>
					</Prop>
					<Prop ID="13" Name="ProductNumber" NameU="ProductNumber">
						<Value></Value>
						<Label>Product number</Label>
					</Prop>
					<Prop ID="14" Name="BaseElevation" NameU="BaseElevation">
						<Value></Value>
						<Label>Base elevation</Label>
					</Prop>
				</Shape>
				<Shape ID="147" UniqueID="{6C19CE53-80E7-463B-9C4E-E91C955C3014}" Name="Recliner" NameU="Recliner" Master="19">
					<XForm>
						<PinX Unit="FT_IN">191.541401019662089</PinX>
						<PinY Unit="FT_IN">66.532767436198384</PinY>
					</XForm>
					<LayerMem>
						<LayerMember>2;3</LayerMember>
					</LayerMem>
					<Prop ID="4" Name="ID" NameU="ID">
						<Value></Value>
						<Label>ID</Label>
					</Prop>
					<Prop ID="5" Name="Name" NameU="Name">
						<Value></Value>
						<Label>Name</Label>
					</Prop>
					<Prop ID="6" Name="Department" NameU="Department">
						<Value></Value>
						<Label>Department</Label>
					</Prop>
					<Prop ID="8" Name="Modify" NameU="Modify">
						<Value></Value>
						<Label>Modified</Label>
					</Prop>
					<Prop ID="9" Name="AssetNumber" NameU="AssetNumber">
						<Value></Value>
						<Label>Asset number</Label>
					</Prop>
					<Prop ID="10" Name="SerialNumber" NameU="SerialNumber">
						<Value></Value>
						<Label>Serial number</Label>
					</Prop>
					<Prop ID="11" Name="ProductDescription" NameU="ProductDescription">
						<Value></Value>
						<Label>Product description</Label>
					</Prop>
					<Prop ID="12" Name="PurchaseDate" NameU="PurchaseDate">
						<Value></Value>
						<Label>Purchase date</Label>
					</Prop>
					<Prop ID="13" Name="ProductNumber" NameU="ProductNumber">
						<Value></Value>
						<Label>Product number</Label>
					</Prop>
					<Prop ID="14" Name="BaseElevation" NameU="BaseElevation">
						<Value></Value>
						<Label>Base elevation</Label>
					</Prop>
				</Shape>
				<Shape ID="152" UniqueID="{E84152A6-2991-40B1-B764-C88443E2CB93}" Name="Flowering" NameU="Flowering" Master="20">
					<XForm>
						<PinX Unit="FT_IN">50.999999089674532</PinX>
						<PinY Unit="FT_IN">155.999996423721399</PinY>
					</XForm>
					<LayerMem>
						<LayerMember>2;3</LayerMember>
					</LayerMem>
					<Prop ID="4" Name="ID" NameU="ID">
						<Value></Value>
						<Label>ID</Label>
					</Prop>
					<Prop ID="5" Name="Name" NameU="Name">
						<Value></Value>
						<Label>Name</Label>
					</Prop>
					<Prop ID="6" Name="Department" NameU="Department">
						<Value></Value>
						<Label>Department</Label>
					</Prop>
					<Prop ID="8" Name="Modify" NameU="Modify">
						<Value></Value>
						<Label>Modified</Label>
					</Prop>
					<Prop ID="9" Name="AssetNumber" NameU="AssetNumber">
						<Value></Value>
						<Label>Asset number</Label>
					</Prop>
					<Prop ID="10" Name="SerialNumber" NameU="SerialNumber">
						<Value></Value>
						<Label>Serial number</Label>
					</Prop>
					<Prop ID="11" Name="ProductDescription" NameU="ProductDescription">
						<Value></Value>
						<Label>Product description</Label>
					</Prop>
					<Prop ID="12" Name="PurchaseDate" NameU="PurchaseDate">
						<Value></Value>
						<Label>Purchase date</Label>
					</Prop>
					<Prop ID="13" Name="ProductNumber" NameU="ProductNumber">
						<Value></Value>
						<Label>Product number</Label>
					</Prop>
					<Prop ID="14" Name="BaseElevation" NameU="BaseElevation">
						<Value></Value>
						<Label>Base elevation</Label>
					</Prop>
				</Shape>
				<Shape ID="187" UniqueID="{205EF283-5407-4183-A455-E58710B743CB}" Name="Bookcase" NameU="Bookcase" Master="22">
					<XForm>
						<PinX Unit="FT_IN">207.999995318326000</PinX>
						<PinY Unit="FT_IN">106.499998114325905</PinY>
					</XForm>
					<LayerMem>
						<LayerMember>2;3</LayerMember>
					</LayerMem>
					<Prop ID="4" Name="ID" NameU="ID">
						<Value></Value>
						<Label>ID</Label>
					</Prop>
					<Prop ID="5" Name="Name" NameU="Name">
						<Value></Value>
						<Label>Name</Label>
					</Prop>
					<Prop ID="6" Name="Department" NameU="Department">
						<Value></Value>
						<Label>Department</Label>
					</Prop>
					<Prop ID="8" Name="Modify" NameU="Modify">
						<Value></Value>
						<Label>Modified</Label>
					</Prop>
					<Prop ID="9" Name="AssetNumber" NameU="AssetNumber">
						<Value></Value>
						<Label>Asset number</Label>
					</Prop>
					<Prop ID="10" Name="SerialNumber" NameU="SerialNumber">
						<Value></Value>
						<Label>Serial number</Label>
					</Prop>
					<Prop ID="11" Name="ProductDescription" NameU="ProductDescription">
						<Value></Value>
						<Label>Product description</Label>
					</Prop>
					<Prop ID="12" Name="PurchaseDate" NameU="PurchaseDate">
						<Value></Value>
						<Label>Purchase date</Label>
					</Prop>
					<Prop ID="13" Name="ProductNumber" NameU="ProductNumber">
						<Value></Value>
						<Label>Product number</Label>
					</Prop>
					<Prop ID="14" Name="BaseElevation" NameU="BaseElevation">
						<Value></Value>
						<Label>Base elevation</Label>
					</Prop>
				</Shape>
				<Shape ID="199" UniqueID="{D6C5D0B1-108C-409B-9907-FAE804576E3B}" Name="Sheet.199" NameU="Sheet.199">
					<Text>Upper Floor – Music Room</Text>
					<XForm>
						<PinX Unit="FT_IN">16.499999642372138</PinX>
						<PinY Unit="FT_IN">95.999997919256074</PinY>
					</XForm>
				</Shape>
			</Shapes>
		</Page>
		<Page ID="4" Name="RoomBackground" NameU="VBackground-1">
			<PageProps>
				<PageScale Unit="IN">0.250000000000000</PageScale>
				<DrawingScale Unit="FT_IN">12.000000000000000</DrawingScale>
			</PageProps>
			<Shapes>
				<Shape ID="1" UniqueID="{A6F15A5B-B0CF-4B44-8F21-4452F53320E4}" Name="Center Gradient" NameU="Center Gradient" Master="17">
					<XForm>
						<PinX Unit="FT_IN">144.000000000000000</PinX>
						<PinY Unit="FT_IN">96.000000000000000</PinY>
					</XForm>
				</Shape>
			</Shapes>
		</Page>
		<Page ID="8" Name="CoverBackground" NameU="VBackground-2">
			<PageProps>
				<PageScale Unit="IN">0.250000000000000</PageScale>
				<DrawingScale Unit="FT_IN">12.000000000000000</DrawingScale>
			</PageProps>
			<Shapes>
				<Shape ID="1" UniqueID="{3C87CE2E-88AD-43E4-AB35-34AAF59590D2}" Name="Center Gradient" NameU="Center Gradient" Master="17">
					<XForm>
						<PinX Unit="FT_IN">204.000000000000000</PinX>
						<PinY Unit="FT_IN">264.000000000000000</PinY>
					</XForm>
				</Shape>
				<Shape ID="2" UniqueID="{B77C694B-80E8-446D-BAB3-20BAF23C16BE}" Name="Module" NameU="Module" Master="24">
					<Text>Our New Hobbies Extension</Text>
					<XForm>
						<PinX Unit="FT_IN">204.000000000000000</PinX>
						<PinY Unit="FT_IN">264.000000000000000</PinY>
					</XForm>
				</Shape>
			</Shapes>
		</Page>
	</Pages>
</VisioDocument>
