<xml xmlns:o="urn:schemas-microsoft-com:office:office">
 <o:File HRef="minimize.gif"/>
 <o:File HRef="maximize.gif"/>
 <o:File HRef="go.gif"/>
 <o:File HRef="fullpage.gif"/>
 <o:File HRef="plus.gif"/>
 <o:File HRef="minus.gif"/>
 <o:File HRef="panminus.gif"/>
 <o:File HRef="panplus.gif"/>
 <o:File HRef="tick-foc.gif"/>
 <o:File HRef="tick-off.gif"/>
 <o:File HRef="tick-on.gif"/>
 <o:File HRef="toc.gif"/>
 <o:File HRef="toc2.gif"/>
 <o:File HRef="arrow.png"/>
 <o:File HRef="data.xml"/>
 <o:File HRef="frameset.js"/>
 <o:File HRef="keys.js"/>
 <o:File HRef="visio.css"/>
 <o:File HRef="xaml_1.xaml"/>
 <o:File HRef="png_1.png"/>
 <o:File HRef="xaml_1.js"/>
 <o:File HRef="Silverlight.js"/>
 <o:File HRef="Silverlight.supportedUserAgent.js"/>
 <o:File HRef="xaml_1.htm"/>
 <o:File HRef="png_1.js"/>
 <o:File HRef="png_1.htm"/>
 <o:File HRef="xaml_2.xaml"/>
 <o:File HRef="png_2.png"/>
 <o:File HRef="xaml_2.htm"/>
 <o:File HRef="png_2.htm"/>
 <o:File HRef="xaml_3.xaml"/>
 <o:File HRef="png_3.png"/>
 <o:File HRef="xaml_3.htm"/>
 <o:File HRef="png_3.htm"/>
 <o:File HRef="2E152297-20AD-7E1D-D228-9477DD16C46D.odttf"/>
 <o:File HRef="01190476-5039-3E31-F122-AD66B50B5839.odttf"/>
 <o:File HRef="zoom.htm"/>
 <o:File HRef="find.js"/>
 <o:File HRef="widgets.htm"/>
 <o:File HRef="PRpt000.htm"/>
 <o:File HRef="toolbar.htm"/>
 <o:MainFile HRef="../Visio%202016%20Extension%2003.htm"/>
 <o:File HRef="filelist.xml"/>
</xml>