<?xml version="1.0" encoding="utf-8"?>
<VisioDocument>
	<DocumentProperties>
		<Title>Visio 2016 Exercise 10</Title>
		<HyperlinkBase href=""></HyperlinkBase>
	</DocumentProperties>
	<Pages>
		<Page ID="9" Name="CoverPage" NameU="CoverPage">
			<PageProps>
				<PageScale Unit="MM">0.039370078740157</PageScale>
				<DrawingScale Unit="MM">0.039370078740157</DrawingScale>
			</PageProps>
			<Shapes>
				<Shape ID="12" UniqueID="{2F9A6D66-1B73-47DE-AED5-521CACDA2C7D}" Name="Sheet.12" NameU="Sheet.12">
					<Text>Our Management Team</Text>
					<XForm>
						<PinX Unit="MM">5.846456692913386</PinX>
						<PinY Unit="MM">6.377952755905299</PinY>
					</XForm>
				</Shape>
				<Shape ID="13" UniqueID="{DAE544C6-DBBD-4FCC-BADD-97909E09D4FC}" Name="Sheet.13" NameU="Sheet.13">
					<Text>Diane Dixon</Text>
					<XForm>
						<PinX Unit="MM">1.877696705687266</PinX>
						<PinY Unit="MM">4.606299212598252</PinY>
					</XForm>
					<Scratch>
						<B>
							<SolutionXML>
								<HLURL:Hyperlinks xmlns:HLURL="urn:schemas-microsoft-com:office:visio:dghlinkext">
									<HLURL:Hyperlink ID="1">
										<HLURL:Description>Diane Dixon</HLURL:Description>
										<HLURL:Address></HLURL:Address>
										<HLURL:SubAddress>DianeDixon/Diane%20Dixon</HLURL:SubAddress>
										<HLURL:ExtraInfo></HLURL:ExtraInfo>
										<HLURL:Default>0</HLURL:Default>
										<HLURL:NewWindow>0</HLURL:NewWindow>
									</HLURL:Hyperlink>
								</HLURL:Hyperlinks>
							</SolutionXML>
						</B>
					</Scratch>
				</Shape>
				<Shape ID="14" UniqueID="{69981AB1-3E22-4607-8651-52A1FEBB21E6}" Name="Sheet.14" NameU="Sheet.14">
					<Text>Toby Arnott</Text>
					<XForm>
						<PinX Unit="MM">4.112498325008306</PinX>
						<PinY Unit="MM">4.606299212598252</PinY>
					</XForm>
					<Scratch>
						<B>
							<SolutionXML>
								<HLURL:Hyperlinks xmlns:HLURL="urn:schemas-microsoft-com:office:visio:dghlinkext">
									<HLURL:Hyperlink ID="1">
										<HLURL:Description>Toby Arnott</HLURL:Description>
										<HLURL:Address></HLURL:Address>
										<HLURL:SubAddress>TobyArnott/Toby%20Arnott</HLURL:SubAddress>
										<HLURL:ExtraInfo></HLURL:ExtraInfo>
										<HLURL:Default>0</HLURL:Default>
										<HLURL:NewWindow>0</HLURL:NewWindow>
									</HLURL:Hyperlink>
								</HLURL:Hyperlinks>
							</SolutionXML>
						</B>
					</Scratch>
				</Shape>
				<Shape ID="15" UniqueID="{D1DED4F2-DD52-44B7-87F2-C7E9B8995D7B}" Name="Sheet.15" NameU="Sheet.15">
					<Text>Briony Borelli</Text>
					<XForm>
						<PinX Unit="MM">6.347299944329346</PinX>
						<PinY Unit="MM">4.606299212598252</PinY>
					</XForm>
					<Scratch>
						<B>
							<SolutionXML>
								<HLURL:Hyperlinks xmlns:HLURL="urn:schemas-microsoft-com:office:visio:dghlinkext">
									<HLURL:Hyperlink ID="1">
										<HLURL:Description>Briony Borelli</HLURL:Description>
										<HLURL:Address></HLURL:Address>
										<HLURL:SubAddress>BrionyBorelli/Briony%20Borelli</HLURL:SubAddress>
										<HLURL:ExtraInfo></HLURL:ExtraInfo>
										<HLURL:Default>0</HLURL:Default>
										<HLURL:NewWindow>0</HLURL:NewWindow>
									</HLURL:Hyperlink>
								</HLURL:Hyperlinks>
							</SolutionXML>
						</B>
					</Scratch>
				</Shape>
				<Shape ID="16" UniqueID="{C7E19954-24CE-49A6-85B3-52A94229DC5C}" Name="Sheet.16" NameU="Sheet.16">
					<Text>Carl Churchill</Text>
					<XForm>
						<PinX Unit="MM">8.582101563650387</PinX>
						<PinY Unit="MM">4.606299212598252</PinY>
					</XForm>
					<Scratch>
						<B>
							<SolutionXML>
								<HLURL:Hyperlinks xmlns:HLURL="urn:schemas-microsoft-com:office:visio:dghlinkext">
									<HLURL:Hyperlink ID="1">
										<HLURL:Description></HLURL:Description>
										<HLURL:Address></HLURL:Address>
										<HLURL:SubAddress>CarlChuchill/Carl%20Churchill</HLURL:SubAddress>
										<HLURL:ExtraInfo></HLURL:ExtraInfo>
										<HLURL:Default>0</HLURL:Default>
										<HLURL:NewWindow>0</HLURL:NewWindow>
									</HLURL:Hyperlink>
								</HLURL:Hyperlinks>
							</SolutionXML>
						</B>
					</Scratch>
				</Shape>
			</Shapes>
		</Page>
		<Page ID="0" Name="DianeDixon" NameU="DianeDixon">
			<PageProps>
				<PageScale Unit="MM">0.039370078740157</PageScale>
				<DrawingScale Unit="MM">0.039370078740157</DrawingScale>
			</PageProps>
			<Layer IX="0">
				<Name>Hidden</Name>
				<NameUniv>Hidden</NameUniv>
				<Visible>0</Visible>
			</Layer>
			<Shapes>
				<Shape ID="21" UniqueID="{7BCBC3B5-FFBC-40C0-B488-4FF18DD74EEB}" Name="Dynamic connector" NameU="Dynamic connector" Master="15">
					<XForm>
						<PinX Unit="MM">5.905511811000000</PinX>
						<PinY Unit="MM">4.370078740405437</PinY>
					</XForm>
					<LayerMem>
						<LayerMember></LayerMember>
					</LayerMem>
				</Shape>
				<Shape ID="32" UniqueID="{67C4DEE3-C989-4CC6-AC15-17DB3838D2A0}" Name="Dynamic connector.32" NameU="Dynamic connector.32" Master="15">
					<XForm>
						<PinX Unit="MM">7.743356299200614</PinX>
						<PinY Unit="MM">4.370078740405437</PinY>
					</XForm>
					<LayerMem>
						<LayerMember></LayerMember>
					</LayerMem>
				</Shape>
				<Shape ID="43" UniqueID="{BF594CF6-8446-4B4B-BFC0-4B174C4EF14F}" Name="Dynamic connector.43" NameU="Dynamic connector.43" Master="15">
					<XForm>
						<PinX Unit="MM">4.067667322822811</PinX>
						<PinY Unit="MM">4.370078740405437</PinY>
					</XForm>
					<LayerMem>
						<LayerMember></LayerMember>
					</LayerMem>
				</Shape>
				<Shape ID="76" UniqueID="{5FA46082-75C5-4A9F-9C33-795847F6A353}" Name="Dynamic connector.76" NameU="Dynamic connector.76" Master="15">
					<XForm>
						<PinX Unit="MM">6.436761811000000</PinX>
						<PinY Unit="MM">4.800935039618014</PinY>
					</XForm>
					<LayerMem>
						<LayerMember></LayerMember>
					</LayerMem>
				</Shape>
				<Shape ID="1" UniqueID="{EEC7F67C-3CE8-4868-AA81-F3280AD62763}" Name="Diane Dixon" NameU="Diane Dixon" Master="18">
					<Text>CEO</Text>
					<XForm>
						<PinX Unit="MM">5.905511811000000</PinX>
						<PinY Unit="MM">5.446850394000000</PinY>
					</XForm>
					<Prop ID="1" Name="Department" NameU="Department">
						<Value Unit="STR">Department</Value>
						<Label>Department</Label>
					</Prop>
					<Prop ID="2" Name="Telephone" NameU="Telephone">
						<Value Unit="STR">Telephone</Value>
						<Label>Telephone</Label>
					</Prop>
					<Prop ID="3" Name="Name" NameU="Name">
						<Value Unit="STR">Diane Dixon</Value>
						<Label>Name</Label>
					</Prop>
					<Prop ID="4" Name="Title" NameU="Title">
						<Value Unit="STR">CEO</Value>
						<Label>Title</Label>
					</Prop>
					<Prop ID="5" Name="Email" NameU="Email">
						<Value Unit="STR">Email</Value>
						<Label>E-Mail</Label>
					</Prop>
				</Shape>
				<Shape ID="2" UniqueID="{B4B3F51C-13BB-4E55-B47B-42EA3B86ED28}" Name="Sheet.2" NameU="Sheet.2">
					<Text>Diane Dixon</Text>
					<XForm>
						<PinX Unit="MM">5.905511811000000</PinX>
						<PinY Unit="MM">5.206200787700787</PinY>
					</XForm>
				</Shape>
				<Shape ID="11" UniqueID="{DDC69C0A-347F-4DD7-9627-31AB4389C82B}" Name="Manager Belt" NameU="Manager Belt" Master="19">
					<Text>Technical Director</Text>
					<XForm>
						<PinX Unit="MM">5.905511811000000</PinX>
						<PinY Unit="MM">3.293307086810873</PinY>
					</XForm>
					<Prop ID="1" Name="Department" NameU="Department">
						<Value Unit="STR">Department</Value>
						<Label>Department</Label>
					</Prop>
					<Prop ID="2" Name="Telephone" NameU="Telephone">
						<Value Unit="STR">Telephone</Value>
						<Label>Telephone</Label>
					</Prop>
					<Prop ID="3" Name="Name" NameU="Name">
						<Value Unit="STR">Briony Borelli</Value>
						<Label>Name</Label>
					</Prop>
					<Prop ID="4" Name="Title" NameU="Title">
						<Value Unit="STR">Technical Director</Value>
						<Label>Title</Label>
					</Prop>
					<Prop ID="5" Name="Email" NameU="Email">
						<Value Unit="STR">Email</Value>
						<Label>E-Mail</Label>
					</Prop>
				</Shape>
				<Shape ID="12" UniqueID="{D3FA6496-0B27-48D7-B046-EB8E1139687E}" Name="Sheet.12" NameU="Sheet.12">
					<Text>Briony Borelli</Text>
					<XForm>
						<PinX Unit="MM">5.905511811000000</PinX>
						<PinY Unit="MM">3.052657480511661</PinY>
					</XForm>
				</Shape>
				<Shape ID="22" UniqueID="{8FAC09E2-519E-4C08-B980-D3E6B8C1ABD5}" Name="Manager Belt.22" NameU="Manager Belt.22" Master="19">
					<Text>Director of Development</Text>
					<XForm>
						<PinX Unit="MM">9.581200787401228</PinX>
						<PinY Unit="MM">3.293307086810873</PinY>
					</XForm>
					<Prop ID="1" Name="Department" NameU="Department">
						<Value Unit="STR">Department</Value>
						<Label>Department</Label>
					</Prop>
					<Prop ID="2" Name="Telephone" NameU="Telephone">
						<Value Unit="STR">Telephone</Value>
						<Label>Telephone</Label>
					</Prop>
					<Prop ID="3" Name="Name" NameU="Name">
						<Value Unit="STR">Carl Churchill</Value>
						<Label>Name</Label>
					</Prop>
					<Prop ID="4" Name="Title" NameU="Title">
						<Value Unit="STR">Director of Development</Value>
						<Label>Title</Label>
					</Prop>
					<Prop ID="5" Name="Email" NameU="Email">
						<Value Unit="STR">Email</Value>
						<Label>E-Mail</Label>
					</Prop>
				</Shape>
				<Shape ID="23" UniqueID="{33CB0E7E-A890-4500-B56B-A28B33B2D9E1}" Name="Sheet.23" NameU="Sheet.23">
					<Text>Carl Churchill</Text>
					<XForm>
						<PinX Unit="MM">9.581200787401228</PinX>
						<PinY Unit="MM">3.052657480511661</PinY>
					</XForm>
				</Shape>
				<Shape ID="33" UniqueID="{DBC739A9-A2D1-47A0-80A4-84619A8F4C19}" Name="Manager Belt.33" NameU="Manager Belt.33" Master="19">
					<Text>Accounts Director</Text>
					<XForm>
						<PinX Unit="MM">2.229822834645622</PinX>
						<PinY Unit="MM">3.293307086810873</PinY>
					</XForm>
					<Prop ID="1" Name="Department" NameU="Department">
						<Value Unit="STR">Department</Value>
						<Label>Department</Label>
					</Prop>
					<Prop ID="2" Name="Telephone" NameU="Telephone">
						<Value Unit="STR">Telephone</Value>
						<Label>Telephone</Label>
					</Prop>
					<Prop ID="3" Name="Name" NameU="Name">
						<Value Unit="STR">Toby Arnott</Value>
						<Label>Name</Label>
					</Prop>
					<Prop ID="4" Name="Title" NameU="Title">
						<Value Unit="STR">Accounts Director</Value>
						<Label>Title</Label>
					</Prop>
					<Prop ID="5" Name="Email" NameU="Email">
						<Value Unit="STR">Email</Value>
						<Label>E-Mail</Label>
					</Prop>
				</Shape>
				<Shape ID="34" UniqueID="{F5C6EE3E-0EFD-47E9-9807-5D1924C4D309}" Name="Sheet.34" NameU="Sheet.34">
					<Text>Toby Arnott</Text>
					<XForm>
						<PinX Unit="MM">2.229822834645622</PinX>
						<PinY Unit="MM">3.052657480511661</PinY>
					</XForm>
				</Shape>
				<Shape ID="66" UniqueID="{E5CEEDF9-2CDB-4E9F-8B23-9A36566E1B9A}" Name="Assistant Belt" NameU="Assistant Belt" Master="21">
					<Text>PA to the CEO</Text>
					<XForm>
						<PinX Unit="MM">7.780511811000000</PinX>
						<PinY Unit="MM">4.592519685236027</PinY>
					</XForm>
					<Prop ID="1" Name="Department" NameU="Department">
						<Value Unit="STR">Department</Value>
						<Label>Department</Label>
					</Prop>
					<Prop ID="2" Name="Telephone" NameU="Telephone">
						<Value Unit="STR">Telephone</Value>
						<Label>Telephone</Label>
					</Prop>
					<Prop ID="3" Name="Name" NameU="Name">
						<Value Unit="STR">Peter Bogdanovic</Value>
						<Label>Name</Label>
					</Prop>
					<Prop ID="4" Name="Title" NameU="Title">
						<Value Unit="STR">PA to the CEO</Value>
						<Label>Title</Label>
					</Prop>
					<Prop ID="5" Name="Email" NameU="Email">
						<Value Unit="STR">Email</Value>
						<Label>E-Mail</Label>
					</Prop>
				</Shape>
				<Shape ID="67" UniqueID="{54FB5A01-77FC-456F-B562-F5C27D4698F3}" Name="Sheet.67" NameU="Sheet.67">
					<Text>Peter Bogdanovic</Text>
					<XForm>
						<PinX Unit="MM">7.780511811000000</PinX>
						<PinY Unit="MM">4.351870078936814</PinY>
					</XForm>
				</Shape>
			</Shapes>
		</Page>
		<Page ID="5" Name="TobyArnott" NameU="TobyArnott">
			<PageProps>
				<PageScale Unit="MM">0.039370078740157</PageScale>
				<DrawingScale Unit="MM">0.039370078740157</DrawingScale>
			</PageProps>
			<Shapes>
				<Shape ID="1" UniqueID="{4B19CBB3-9D67-421E-9070-0822CC1F6791}" Name="Dynamic connector.54" NameU="Dynamic connector.54" Master="15">
					<XForm>
						<PinX Unit="MM">5.263041339000000</PinX>
						<PinY Unit="MM">5.027312992299136</PinY>
					</XForm>
					<LayerMem>
						<LayerMember></LayerMember>
					</LayerMem>
				</Shape>
				<Shape ID="2" UniqueID="{6CDDEB67-E8CB-4953-8356-A7234929EF6F}" Name="Dynamic connector.65" NameU="Dynamic connector.65" Master="15">
					<XForm>
						<PinX Unit="MM">6.666338582893586</PinX>
						<PinY Unit="MM">5.027312992299136</PinY>
					</XForm>
					<LayerMem>
						<LayerMember></LayerMember>
					</LayerMem>
				</Shape>
				<Shape ID="3" UniqueID="{5B6AF24E-DE1F-43EC-81D7-40C812FA569A}" Name="Toby Arnott" NameU="Toby Arnott" Master="19">
					<Text>Accounts Director</Text>
					<XForm>
						<PinX Unit="MM">5.919783465000000</PinX>
						<PinY Unit="MM">5.885826772000000</PinY>
					</XForm>
					<Prop ID="1" Name="Department" NameU="Department">
						<Value Unit="STR">Department</Value>
						<Label>Department</Label>
					</Prop>
					<Prop ID="2" Name="Telephone" NameU="Telephone">
						<Value Unit="STR">Telephone</Value>
						<Label>Telephone</Label>
					</Prop>
					<Prop ID="3" Name="Name" NameU="Name">
						<Value Unit="STR">Toby Arnott</Value>
						<Label>Name</Label>
					</Prop>
					<Prop ID="4" Name="Title" NameU="Title">
						<Value Unit="STR">Accounts Director</Value>
						<Label>Title</Label>
					</Prop>
					<Prop ID="5" Name="Email" NameU="Email">
						<Value Unit="STR">Email</Value>
						<Label>E-Mail</Label>
					</Prop>
					<Prop ID="6" Name="Calendar" NameU="Calendar">
						<Value></Value>
						<Label></Label>
					</Prop>
				</Shape>
				<Shape ID="4" UniqueID="{B7609707-943C-4652-8FBB-1B16F91DB237}" Name="Sheet.4" NameU="Sheet.4">
					<Text>Toby Arnott</Text>
					<XForm>
						<PinX Unit="MM">5.919783465000000</PinX>
						<PinY Unit="MM">5.645177165700787</PinY>
					</XForm>
				</Shape>
				<Shape ID="13" UniqueID="{34FC4148-1247-4DC7-AC9A-7FFE76754354}" Name="Position Belt" NameU="Position Belt" Master="20">
					<Text>Senior Accountant</Text>
					<XForm>
						<PinX Unit="MM">4.606299213000000</PinX>
						<PinY Unit="MM">4.168799212598271</PinY>
					</XForm>
					<Prop ID="1" Name="Department" NameU="Department">
						<Value Unit="STR">Department</Value>
						<Label>Department</Label>
					</Prop>
					<Prop ID="2" Name="Telephone" NameU="Telephone">
						<Value Unit="STR">Telephone</Value>
						<Label>Telephone</Label>
					</Prop>
					<Prop ID="3" Name="Name" NameU="Name">
						<Value Unit="STR">Keith Ledger</Value>
						<Label>Name</Label>
					</Prop>
					<Prop ID="4" Name="Title" NameU="Title">
						<Value Unit="STR">Senior Accountant</Value>
						<Label>Title</Label>
					</Prop>
					<Prop ID="5" Name="Email" NameU="Email">
						<Value Unit="STR">Email</Value>
						<Label>E-Mail</Label>
					</Prop>
					<Prop ID="6" Name="Calendar" NameU="Calendar">
						<Value></Value>
						<Label></Label>
					</Prop>
				</Shape>
				<Shape ID="14" UniqueID="{A7F0604A-8F32-4DB9-A966-A6F88ABFBB10}" Name="Sheet.14" NameU="Sheet.14">
					<Text>Keith Ledger</Text>
					<XForm>
						<PinX Unit="MM">4.606299213000000</PinX>
						<PinY Unit="MM">3.928149606299059</PinY>
					</XForm>
				</Shape>
				<Shape ID="23" UniqueID="{1DB32075-79DE-4EE3-A814-0D8BD86E4835}" Name="Vacancy Belt" NameU="Vacancy Belt" Master="23">
					<Text>Senior Accountant</Text>
					<XForm>
						<PinX Unit="MM">7.412893700787173</PinX>
						<PinY Unit="MM">4.168799212598271</PinY>
					</XForm>
					<Prop ID="1" Name="Department" NameU="Department">
						<Value Unit="STR">Department</Value>
						<Label>Department</Label>
					</Prop>
					<Prop ID="2" Name="Telephone" NameU="Telephone">
						<Value Unit="STR">Telephone</Value>
						<Label>Telephone</Label>
					</Prop>
					<Prop ID="3" Name="Name" NameU="Name">
						<Value Unit="STR">Open</Value>
						<Label>Name</Label>
					</Prop>
					<Prop ID="4" Name="Title" NameU="Title">
						<Value Unit="STR">Senior Accountant</Value>
						<Label>Title</Label>
					</Prop>
					<Prop ID="5" Name="Email" NameU="Email">
						<Value Unit="STR">Email</Value>
						<Label>E-Mail</Label>
					</Prop>
					<Prop ID="6" Name="Calendar" NameU="Calendar">
						<Value></Value>
						<Label></Label>
					</Prop>
				</Shape>
				<Shape ID="24" UniqueID="{13BB6448-108A-4E92-80EF-5947E7619737}" Name="Sheet.24" NameU="Sheet.24">
					<Text>Open</Text>
					<XForm>
						<PinX Unit="MM">7.412893700787173</PinX>
						<PinY Unit="MM">4.168799212598271</PinY>
					</XForm>
				</Shape>
			</Shapes>
		</Page>
		<Page ID="14" Name="BrionyBorelli" NameU="BrionyBorelli">
			<PageProps>
				<PageScale Unit="MM">0.039370078740157</PageScale>
				<DrawingScale Unit="MM">0.039370078740157</DrawingScale>
			</PageProps>
			<Shapes>
				<Shape ID="65" UniqueID="{051E6C32-86E4-4ABF-ACDA-B7D68C1BEEB2}" Name="Dynamic connector" NameU="Dynamic connector" Master="15">
					<XForm>
						<PinX Unit="MM">5.803149632000000</PinX>
						<PinY Unit="MM">4.765994094500000</PinY>
					</XForm>
					<LayerMem>
						<LayerMember></LayerMember>
					</LayerMem>
				</Shape>
				<Shape ID="66" UniqueID="{9FA54F9A-B903-4256-AECD-8CD1D572EFC1}" Name="Dynamic connector.66" NameU="Dynamic connector.66" Master="15">
					<XForm>
						<PinX Unit="MM">5.024114186000000</PinX>
						<PinY Unit="MM">4.765994094500000</PinY>
					</XForm>
					<LayerMem>
						<LayerMember></LayerMember>
					</LayerMem>
				</Shape>
				<Shape ID="67" UniqueID="{A8E82D44-6D97-4383-93B4-AE2D5072A19B}" Name="Dynamic connector.67" NameU="Dynamic connector.67" Master="15">
					<XForm>
						<PinX Unit="MM">4.245078740000000</PinX>
						<PinY Unit="MM">4.765994094500000</PinY>
					</XForm>
					<LayerMem>
						<LayerMember></LayerMember>
					</LayerMem>
				</Shape>
				<Shape ID="68" UniqueID="{94C2F2E4-3FFC-48CC-BDAF-4443D50727A6}" Name="Dynamic connector.68" NameU="Dynamic connector.68" Master="15">
					<XForm>
						<PinX Unit="MM">6.582185077000000</PinX>
						<PinY Unit="MM">4.765994094500000</PinY>
					</XForm>
					<LayerMem>
						<LayerMember></LayerMember>
					</LayerMem>
				</Shape>
				<Shape ID="69" UniqueID="{519EDEDF-4AE1-4F7B-9945-927A8143E271}" Name="Dynamic connector.69" NameU="Dynamic connector.69" Master="15">
					<XForm>
						<PinX Unit="MM">7.361220523000000</PinX>
						<PinY Unit="MM">4.765994094500000</PinY>
					</XForm>
					<LayerMem>
						<LayerMember></LayerMember>
					</LayerMem>
				</Shape>
				<Shape ID="5" UniqueID="{2067FC21-254F-4A67-8BF8-D5F91D0DD17A}" Name="Briony Borelli" NameU="Briony Borelli" Master="19">
					<Text>Technical Director</Text>
					<XForm>
						<PinX Unit="MM">5.801673228000000</PinX>
						<PinY Unit="MM">5.669291339000000</PinY>
					</XForm>
					<Prop ID="1" Name="Department" NameU="Department">
						<Value Unit="STR">Department</Value>
						<Label>Department</Label>
					</Prop>
					<Prop ID="2" Name="Telephone" NameU="Telephone">
						<Value Unit="STR">Telephone</Value>
						<Label>Telephone</Label>
					</Prop>
					<Prop ID="3" Name="Name" NameU="Name">
						<Value Unit="STR">Briony Borelli</Value>
						<Label>Name</Label>
					</Prop>
					<Prop ID="4" Name="Title" NameU="Title">
						<Value Unit="STR">Technical Director</Value>
						<Label>Title</Label>
					</Prop>
					<Prop ID="5" Name="Email" NameU="Email">
						<Value Unit="STR">Email</Value>
						<Label>E-Mail</Label>
					</Prop>
					<Prop ID="6" Name="Calendar" NameU="Calendar">
						<Value></Value>
						<Label></Label>
					</Prop>
				</Shape>
				<Shape ID="6" UniqueID="{9D346C90-9E90-4D80-AD6E-630B4FC172E9}" Name="Sheet.6" NameU="Sheet.6">
					<Text>Briony Borelli</Text>
					<XForm>
						<PinX Unit="MM">5.801673228000000</PinX>
						<PinY Unit="MM">5.428641732700787</PinY>
					</XForm>
				</Shape>
				<Shape ID="15" UniqueID="{C8753E3B-EE20-4D26-B228-3E03AE27AB7E}" Name="Position Belt.112" NameU="Position Belt.112" Master="20">
					<Text>Title</Text>
					<XForm>
						<PinX Unit="MM">2.688484252000000</PinX>
						<PinY Unit="MM">3.862696850000000</PinY>
					</XForm>
					<LayerMem>
						<LayerMember></LayerMember>
					</LayerMem>
					<Prop ID="1" Name="Department" NameU="Department">
						<Value Unit="STR">Department</Value>
						<Label>Department</Label>
					</Prop>
					<Prop ID="2" Name="Telephone" NameU="Telephone">
						<Value Unit="STR">Telephone</Value>
						<Label>Telephone</Label>
					</Prop>
					<Prop ID="3" Name="Name" NameU="Name">
						<Value Unit="STR">Name</Value>
						<Label>Name</Label>
					</Prop>
					<Prop ID="4" Name="Title" NameU="Title">
						<Value Unit="STR">Title</Value>
						<Label>Title</Label>
					</Prop>
					<Prop ID="5" Name="Email" NameU="Email">
						<Value Unit="STR">Email</Value>
						<Label>E-Mail</Label>
					</Prop>
					<Prop ID="6" Name="Calendar" NameU="Calendar">
						<Value></Value>
						<Label></Label>
					</Prop>
				</Shape>
				<Shape ID="16" UniqueID="{A9D9DBA9-572B-48CB-AF64-78E61C1A08A7}" Name="Sheet.16" NameU="Sheet.16">
					<Text>Name</Text>
					<XForm>
						<PinX Unit="MM">2.688484252000000</PinX>
						<PinY Unit="MM">3.622047243700787</PinY>
					</XForm>
					<LayerMem>
						<LayerMember></LayerMember>
					</LayerMem>
				</Shape>
				<Shape ID="25" UniqueID="{AA69D5DF-BFBB-459D-841D-F856B4AAA8EC}" Name="Position Belt.123" NameU="Position Belt.123" Master="20">
					<Text>Title</Text>
					<XForm>
						<PinX Unit="MM">4.246555144000000</PinX>
						<PinY Unit="MM">3.862696850000000</PinY>
					</XForm>
					<LayerMem>
						<LayerMember></LayerMember>
					</LayerMem>
					<Prop ID="1" Name="Department" NameU="Department">
						<Value Unit="STR">Department</Value>
						<Label>Department</Label>
					</Prop>
					<Prop ID="2" Name="Telephone" NameU="Telephone">
						<Value Unit="STR">Telephone</Value>
						<Label>Telephone</Label>
					</Prop>
					<Prop ID="3" Name="Name" NameU="Name">
						<Value Unit="STR">Name</Value>
						<Label>Name</Label>
					</Prop>
					<Prop ID="4" Name="Title" NameU="Title">
						<Value Unit="STR">Title</Value>
						<Label>Title</Label>
					</Prop>
					<Prop ID="5" Name="Email" NameU="Email">
						<Value Unit="STR">Email</Value>
						<Label>E-Mail</Label>
					</Prop>
					<Prop ID="6" Name="Calendar" NameU="Calendar">
						<Value></Value>
						<Label></Label>
					</Prop>
				</Shape>
				<Shape ID="26" UniqueID="{5FBBAF11-40AB-4CB0-81A0-A62307BEFDFD}" Name="Sheet.26" NameU="Sheet.26">
					<Text>Name</Text>
					<XForm>
						<PinX Unit="MM">4.246555144000000</PinX>
						<PinY Unit="MM">3.622047243700787</PinY>
					</XForm>
					<LayerMem>
						<LayerMember></LayerMember>
					</LayerMem>
				</Shape>
				<Shape ID="35" UniqueID="{70C240B2-1E9F-4BB6-A7AE-4EB216224CE6}" Name="Position Belt.134" NameU="Position Belt.134" Master="20">
					<Text>Title</Text>
					<XForm>
						<PinX Unit="MM">5.804626036000000</PinX>
						<PinY Unit="MM">3.862696850000001</PinY>
					</XForm>
					<LayerMem>
						<LayerMember></LayerMember>
					</LayerMem>
					<Prop ID="1" Name="Department" NameU="Department">
						<Value Unit="STR">Department</Value>
						<Label>Department</Label>
					</Prop>
					<Prop ID="2" Name="Telephone" NameU="Telephone">
						<Value Unit="STR">Telephone</Value>
						<Label>Telephone</Label>
					</Prop>
					<Prop ID="3" Name="Name" NameU="Name">
						<Value Unit="STR">Name</Value>
						<Label>Name</Label>
					</Prop>
					<Prop ID="4" Name="Title" NameU="Title">
						<Value Unit="STR">Title</Value>
						<Label>Title</Label>
					</Prop>
					<Prop ID="5" Name="Email" NameU="Email">
						<Value Unit="STR">Email</Value>
						<Label>E-Mail</Label>
					</Prop>
					<Prop ID="6" Name="Calendar" NameU="Calendar">
						<Value></Value>
						<Label></Label>
					</Prop>
				</Shape>
				<Shape ID="36" UniqueID="{71A5FDE7-5D9C-4577-B095-C19279EEDF97}" Name="Sheet.36" NameU="Sheet.36">
					<Text>Name</Text>
					<XForm>
						<PinX Unit="MM">5.804626036000000</PinX>
						<PinY Unit="MM">3.622047243700788</PinY>
					</XForm>
					<LayerMem>
						<LayerMember></LayerMember>
					</LayerMem>
				</Shape>
				<Shape ID="45" UniqueID="{192FB7AB-28ED-4435-A003-877E528D6296}" Name="Position Belt.145" NameU="Position Belt.145" Master="20">
					<Text>Title</Text>
					<XForm>
						<PinX Unit="MM">7.362696926000000</PinX>
						<PinY Unit="MM">3.862696850000000</PinY>
					</XForm>
					<LayerMem>
						<LayerMember></LayerMember>
					</LayerMem>
					<Prop ID="1" Name="Department" NameU="Department">
						<Value Unit="STR">Department</Value>
						<Label>Department</Label>
					</Prop>
					<Prop ID="2" Name="Telephone" NameU="Telephone">
						<Value Unit="STR">Telephone</Value>
						<Label>Telephone</Label>
					</Prop>
					<Prop ID="3" Name="Name" NameU="Name">
						<Value Unit="STR">Name</Value>
						<Label>Name</Label>
					</Prop>
					<Prop ID="4" Name="Title" NameU="Title">
						<Value Unit="STR">Title</Value>
						<Label>Title</Label>
					</Prop>
					<Prop ID="5" Name="Email" NameU="Email">
						<Value Unit="STR">Email</Value>
						<Label>E-Mail</Label>
					</Prop>
					<Prop ID="6" Name="Calendar" NameU="Calendar">
						<Value></Value>
						<Label></Label>
					</Prop>
				</Shape>
				<Shape ID="46" UniqueID="{60971542-4F61-4A0B-8337-2E1792FDFF14}" Name="Sheet.46" NameU="Sheet.46">
					<Text>Name</Text>
					<XForm>
						<PinX Unit="MM">7.362696926000000</PinX>
						<PinY Unit="MM">3.622047243700787</PinY>
					</XForm>
					<LayerMem>
						<LayerMember></LayerMember>
					</LayerMem>
				</Shape>
				<Shape ID="55" UniqueID="{E0B2004E-6D5C-4FB5-83DF-B13E1DA81269}" Name="Position Belt.156" NameU="Position Belt.156" Master="20">
					<Text>Title</Text>
					<XForm>
						<PinX Unit="MM">8.920767818000000</PinX>
						<PinY Unit="MM">3.862696850000000</PinY>
					</XForm>
					<LayerMem>
						<LayerMember></LayerMember>
					</LayerMem>
					<Prop ID="1" Name="Department" NameU="Department">
						<Value Unit="STR">Department</Value>
						<Label>Department</Label>
					</Prop>
					<Prop ID="2" Name="Telephone" NameU="Telephone">
						<Value Unit="STR">Telephone</Value>
						<Label>Telephone</Label>
					</Prop>
					<Prop ID="3" Name="Name" NameU="Name">
						<Value Unit="STR">Name</Value>
						<Label>Name</Label>
					</Prop>
					<Prop ID="4" Name="Title" NameU="Title">
						<Value Unit="STR">Title</Value>
						<Label>Title</Label>
					</Prop>
					<Prop ID="5" Name="Email" NameU="Email">
						<Value Unit="STR">Email</Value>
						<Label>E-Mail</Label>
					</Prop>
					<Prop ID="6" Name="Calendar" NameU="Calendar">
						<Value></Value>
						<Label></Label>
					</Prop>
				</Shape>
				<Shape ID="56" UniqueID="{ABA90272-2DFD-4A85-A753-8960CB90A0F4}" Name="Sheet.56" NameU="Sheet.56">
					<Text>Name</Text>
					<XForm>
						<PinX Unit="MM">8.920767818000000</PinX>
						<PinY Unit="MM">3.622047243700787</PinY>
					</XForm>
					<LayerMem>
						<LayerMember></LayerMember>
					</LayerMem>
				</Shape>
			</Shapes>
		</Page>
		<Page ID="15" Name="CarlChuchill" NameU="CarlChuchill">
			<PageProps>
				<PageScale Unit="MM">0.039370078740157</PageScale>
				<DrawingScale Unit="MM">0.039370078740157</DrawingScale>
			</PageProps>
			<Shapes>
				<Shape ID="1" UniqueID="{D9094D08-D5CF-4A93-A4D8-62C0E6B8E6EF}" Name="Dynamic connector.88" NameU="Dynamic connector.88" Master="15">
					<XForm>
						<PinX Unit="MM">4.450295275500000</PinX>
						<PinY Unit="MM">4.849163386000000</PinY>
					</XForm>
					<LayerMem>
						<LayerMember></LayerMember>
					</LayerMem>
				</Shape>
				<Shape ID="2" UniqueID="{4F6A86A2-E177-4CBB-B881-D522913A53FA}" Name="Dynamic connector.99" NameU="Dynamic connector.99" Master="15">
					<XForm>
						<PinX Unit="MM">5.919783464000000</PinX>
						<PinY Unit="MM">4.849163386000000</PinY>
					</XForm>
					<LayerMem>
						<LayerMember></LayerMember>
					</LayerMem>
				</Shape>
				<Shape ID="44" UniqueID="{2579201A-166E-46CE-BE8A-29D31F00202B}" Name="Dynamic connector" NameU="Dynamic connector" Master="15">
					<XForm>
						<PinX Unit="MM">7.389271652500000</PinX>
						<PinY Unit="MM">4.849163386000000</PinY>
					</XForm>
					<LayerMem>
						<LayerMember></LayerMember>
					</LayerMem>
				</Shape>
				<Shape ID="4" UniqueID="{6F67724A-E244-4C2B-AB4C-AD3B16997875}" Name="Carl Churchill" NameU="Carl Churchill" Master="19">
					<Text>Director of Development</Text>
					<XForm>
						<PinX Unit="MM">5.919783464000000</PinX>
						<PinY Unit="MM">5.634350394000000</PinY>
					</XForm>
					<Prop ID="1" Name="Department" NameU="Department">
						<Value Unit="STR">Department</Value>
						<Label>Department</Label>
					</Prop>
					<Prop ID="2" Name="Telephone" NameU="Telephone">
						<Value Unit="STR">Telephone</Value>
						<Label>Telephone</Label>
					</Prop>
					<Prop ID="3" Name="Name" NameU="Name">
						<Value Unit="STR">Carl Churchill</Value>
						<Label>Name</Label>
					</Prop>
					<Prop ID="4" Name="Title" NameU="Title">
						<Value Unit="STR">Director of Development</Value>
						<Label>Title</Label>
					</Prop>
					<Prop ID="5" Name="Email" NameU="Email">
						<Value Unit="STR">Email</Value>
						<Label>E-Mail</Label>
					</Prop>
					<Prop ID="6" Name="Calendar" NameU="Calendar">
						<Value></Value>
						<Label></Label>
					</Prop>
				</Shape>
				<Shape ID="5" UniqueID="{A44451D0-50A2-453D-B93F-1CF5F6A60F68}" Name="Sheet.5" NameU="Sheet.5">
					<Text>Carl Churchill</Text>
					<XForm>
						<PinX Unit="MM">5.919783464000000</PinX>
						<PinY Unit="MM">5.393700787700787</PinY>
					</XForm>
				</Shape>
				<Shape ID="14" UniqueID="{F21D28F6-84B4-47BE-9320-888B47818B3B}" Name="Position Belt.78" NameU="Position Belt.78" Master="20">
					<Text>Principal Software Specialist</Text>
					<XForm>
						<PinX Unit="MM">2.980807087000000</PinX>
						<PinY Unit="MM">4.063976378000000</PinY>
					</XForm>
					<Prop ID="1" Name="Department" NameU="Department">
						<Value Unit="STR">Department</Value>
						<Label>Department</Label>
					</Prop>
					<Prop ID="2" Name="Telephone" NameU="Telephone">
						<Value Unit="STR">Telephone</Value>
						<Label>Telephone</Label>
					</Prop>
					<Prop ID="3" Name="Name" NameU="Name">
						<Value Unit="STR">Jane Partridge</Value>
						<Label>Name</Label>
					</Prop>
					<Prop ID="4" Name="Title" NameU="Title">
						<Value Unit="STR">Principal Software Specialist</Value>
						<Label>Title</Label>
					</Prop>
					<Prop ID="5" Name="Email" NameU="Email">
						<Value Unit="STR">Email</Value>
						<Label>E-Mail</Label>
					</Prop>
					<Prop ID="6" Name="Calendar" NameU="Calendar">
						<Value></Value>
						<Label></Label>
					</Prop>
				</Shape>
				<Shape ID="15" UniqueID="{E9314EDF-5D30-4515-88B1-23FA0350CA70}" Name="Sheet.15" NameU="Sheet.15">
					<Text>Jane Partridge</Text>
					<XForm>
						<PinX Unit="MM">2.980807087000000</PinX>
						<PinY Unit="MM">3.823326771700787</PinY>
					</XForm>
				</Shape>
				<Shape ID="24" UniqueID="{23504E31-337E-45FF-AC2E-06CC922A2FA0}" Name="Position Belt.89" NameU="Position Belt.89" Master="20">
					<Text>Software Manager</Text>
					<XForm>
						<PinX Unit="MM">5.919783464000000</PinX>
						<PinY Unit="MM">4.063976378000000</PinY>
					</XForm>
					<Prop ID="1" Name="Department" NameU="Department">
						<Value Unit="STR">Department</Value>
						<Label>Department</Label>
					</Prop>
					<Prop ID="2" Name="Telephone" NameU="Telephone">
						<Value Unit="STR">Telephone</Value>
						<Label>Telephone</Label>
					</Prop>
					<Prop ID="3" Name="Name" NameU="Name">
						<Value Unit="STR">Neil Timpson</Value>
						<Label>Name</Label>
					</Prop>
					<Prop ID="4" Name="Title" NameU="Title">
						<Value Unit="STR">Software Manager</Value>
						<Label>Title</Label>
					</Prop>
					<Prop ID="5" Name="Email" NameU="Email">
						<Value Unit="STR">Email</Value>
						<Label>E-Mail</Label>
					</Prop>
					<Prop ID="6" Name="Calendar" NameU="Calendar">
						<Value></Value>
						<Label></Label>
					</Prop>
				</Shape>
				<Shape ID="25" UniqueID="{2558F38B-D13D-4595-BC66-7FFA7D7EC61B}" Name="Sheet.25" NameU="Sheet.25">
					<Text>Neil Timpson</Text>
					<XForm>
						<PinX Unit="MM">5.919783464000000</PinX>
						<PinY Unit="MM">3.823326771700787</PinY>
					</XForm>
				</Shape>
				<Shape ID="34" UniqueID="{2D757769-2257-4941-B08D-593A7971363A}" Name="Position Belt.100" NameU="Position Belt.100" Master="20">
					<Text>Testing Manager</Text>
					<XForm>
						<PinX Unit="MM">8.858759841000000</PinX>
						<PinY Unit="MM">4.063976378000000</PinY>
					</XForm>
					<Prop ID="1" Name="Department" NameU="Department">
						<Value Unit="STR">Department</Value>
						<Label>Department</Label>
					</Prop>
					<Prop ID="2" Name="Telephone" NameU="Telephone">
						<Value Unit="STR">Telephone</Value>
						<Label>Telephone</Label>
					</Prop>
					<Prop ID="3" Name="Name" NameU="Name">
						<Value Unit="STR">Melissa Broughton</Value>
						<Label>Name</Label>
					</Prop>
					<Prop ID="4" Name="Title" NameU="Title">
						<Value Unit="STR">Testing Manager</Value>
						<Label>Title</Label>
					</Prop>
					<Prop ID="5" Name="Email" NameU="Email">
						<Value Unit="STR">Email</Value>
						<Label>E-Mail</Label>
					</Prop>
					<Prop ID="6" Name="Calendar" NameU="Calendar">
						<Value></Value>
						<Label></Label>
					</Prop>
				</Shape>
				<Shape ID="35" UniqueID="{F4778B07-EEBD-4A36-BF06-3771EC668EE3}" Name="Sheet.35" NameU="Sheet.35">
					<Text>Melissa Broughton</Text>
					<XForm>
						<PinX Unit="MM">8.858759841000000</PinX>
						<PinY Unit="MM">3.823326771700787</PinY>
					</XForm>
				</Shape>
			</Shapes>
		</Page>
		<Page ID="4" Name="Standard Background" NameU="VBackground-1">
			<PageProps>
				<PageScale Unit="MM">0.039370078740157</PageScale>
				<DrawingScale Unit="MM">0.039370078740157</DrawingScale>
			</PageProps>
			<Shapes>
				<Shape ID="2" UniqueID="{139A4ECD-E618-4A9D-AEE8-D3D89E539096}" Name="Flow" NameU="Flow" Master="29">
					<XForm>
						<PinX Unit="MM">5.846456692913385</PinX>
						<PinY Unit="MM">4.133858267716535</PinY>
					</XForm>
				</Shape>
				<Shape ID="18" UniqueID="{C1288277-300C-43FC-9EA6-C6F2380FB1B6}" Name="Civic" NameU="Civic" Master="30">
					<Text>Acme Inc</Text>
					<XForm>
						<PinX Unit="MM">5.846456692913385</PinX>
						<PinY Unit="MM">4.133858267716535</PinY>
					</XForm>
				</Shape>
			</Shapes>
		</Page>
		<Page ID="10" Name="Cover Background" NameU="VBackground-2">
			<PageProps>
				<PageScale Unit="MM">0.039370078740157</PageScale>
				<DrawingScale Unit="MM">0.039370078740157</DrawingScale>
			</PageProps>
			<Shapes>
				<Shape ID="1" UniqueID="{6D73F0D6-15FE-4DCF-ADC1-11C86EE35D47}" Name="Oriel" NameU="Oriel" Master="34">
					<Text>Acme Inc</Text>
					<XForm>
						<PinX Unit="MM">5.846456692913385</PinX>
						<PinY Unit="MM">4.133858267716535</PinY>
					</XForm>
				</Shape>
			</Shapes>
		</Page>
	</Pages>
</VisioDocument>
