<xml xmlns:o="urn:schemas-microsoft-com:office:office">
 <o:File HRef="minimize.gif"/>
 <o:File HRef="maximize.gif"/>
 <o:File HRef="go.gif"/>
 <o:File HRef="fullpage.gif"/>
 <o:File HRef="plus.gif"/>
 <o:File HRef="minus.gif"/>
 <o:File HRef="panminus.gif"/>
 <o:File HRef="panplus.gif"/>
 <o:File HRef="tick-foc.gif"/>
 <o:File HRef="tick-off.gif"/>
 <o:File HRef="tick-on.gif"/>
 <o:File HRef="toc.gif"/>
 <o:File HRef="toc2.gif"/>
 <o:File HRef="arrow.png"/>
 <o:File HRef="data.xml"/>
 <o:File HRef="frameset.js"/>
 <o:File HRef="keys.js"/>
 <o:File HRef="visio.css"/>
 <o:File HRef="F780F652-79BF-499A-9F24-6486172796B4.png"/>
 <o:File HRef="DA6A6765-219D-435F-9F17-3A9E609CDABF.png"/>
 <o:File HRef="8A714FFA-3CCA-4D21-83AB-642EA6BDD823.png"/>
 <o:File HRef="A54651DA-FB43-4319-81C1-AECA4E17E2E7.png"/>
 <o:File HRef="xaml_1.xaml"/>
 <o:File HRef="png_1.png"/>
 <o:File HRef="xaml_1.js"/>
 <o:File HRef="Silverlight.js"/>
 <o:File HRef="Silverlight.supportedUserAgent.js"/>
 <o:File HRef="xaml_1.htm"/>
 <o:File HRef="png_1.js"/>
 <o:File HRef="png_1.htm"/>
 <o:File HRef="5E41E6E3-747E-42AF-95D4-3C57A59AE6FF.png"/>
 <o:File HRef="B25DB8DE-B6A1-408C-A4F9-F0FAF43E8E10.jpg"/>
 <o:File HRef="23F84A36-002C-40EA-B4EC-A21E7A3197F2.png"/>
 <o:File HRef="D1A5BEF6-A421-4098-9461-D8216092A1EB.png"/>
 <o:File HRef="A49C6F1C-4EF7-4707-9029-F5526BDFF5B1.png"/>
 <o:File HRef="xaml_2.xaml"/>
 <o:File HRef="png_2.png"/>
 <o:File HRef="xaml_2.htm"/>
 <o:File HRef="png_2.htm"/>
 <o:File HRef="847F2A83-16CE-427E-B4D2-C6F03148C0E0.png"/>
 <o:File HRef="4BE89160-CA3C-4C78-A7F2-E900FE53F6C0.jpg"/>
 <o:File HRef="xaml_3.xaml"/>
 <o:File HRef="png_3.png"/>
 <o:File HRef="xaml_3.htm"/>
 <o:File HRef="png_3.htm"/>
 <o:File HRef="F292D3B6-EACE-470F-8245-3A79CC2E6C4A.png"/>
 <o:File HRef="2A5454C9-EE1E-4E43-823A-DEA3318D913D.jpg"/>
 <o:File HRef="xaml_4.xaml"/>
 <o:File HRef="png_4.png"/>
 <o:File HRef="xaml_4.htm"/>
 <o:File HRef="png_4.htm"/>
 <o:File HRef="DAA5417B-4F40-42BC-913F-0AF78A43C97A.png"/>
 <o:File HRef="C68918F0-99F8-4944-861E-DEF5C5239550.jpg"/>
 <o:File HRef="xaml_5.xaml"/>
 <o:File HRef="png_5.png"/>
 <o:File HRef="xaml_5.htm"/>
 <o:File HRef="png_5.htm"/>
 <o:File HRef="055C4F1C-08C5-2EBE-2504-2D66C9308B78.odttf"/>
 <o:File HRef="zoom.htm"/>
 <o:File HRef="find.js"/>
 <o:File HRef="widgets.htm"/>
 <o:File HRef="toolbar.htm"/>
 <o:MainFile HRef="../ssi-visio2016-exercise-10.htm"/>
 <o:File HRef="filelist.xml"/>
</xml>